Company,Position,Website,Application site,Location,Remote,Date sent,Easy Application?,Days Since,Response?,Date Interview,Date of 1st Response,Time to First Response,Time to Rejection,Wage.Amount,Paid? ,Salary.Amount,Wage/Salary/Contract,Job Offer,Job Level,Job Type,Company Type,Current Date
Monterey County,Systems Analyst II,Job Opportunities | Central Coast Community Energy Careers (governmentjobs.com),Company Site,CA,n,11/14/2021,n,484,Rejected,,11/30/2021,16,16,,Yes,"55,000",Salary,No,Entry,IT,Government,3/13/2023 18:51:27
Lotus Capital LLc,Credit Specialist,Linkedin,LinkedIn,Remote,y,11/13/2021,y,485,Ghosted,,,,,,,,,No,Entry,Data Science,Finance,3/13/2023 18:51:27
Cella,Audience Analyst,Linkedin,LinkedIn,Remote,y,11/14/2021,y,484,Ghosted,,,,,,,,,No,Entry,Data Science,Staffing,3/13/2023 18:51:27
CPR Cell Phone ,Repair Technician,Linkedin,LinkedIn,CA,n,11/13/2021,y,485,Ghosted,,,,,,,,,No,Entry,IT,Retail,3/13/2023 18:51:27
Target,Everything,targets page,Company Site,CA,n,11/13/2021,n,485,Rejected,,11/14/2021,1,1,15,Yes,,Wage,No,Entry,Retail,Retail,3/13/2023 18:51:27
Take2,Junior Data Scientist,Dice,Dice,Remote,y,11/15/2021,y,483,Ghosted,,,,,,,,,No,Entry,IT,Consulting,3/13/2023 18:51:27
BlueOwl LLC,Data Engineer [Remote],jobsite page,Company Site,Remote,y,11/18/2021,n,480,Rejected,,11/19/2021,1,1,,,,,No,Entry,Data Science,Software,3/13/2023 18:51:27
YipitData,Junior Data Analyst,jobsite page,Company Site,Remote,y,11/18/2021,n,480,Rejected,,11/21/2021,3,3,,,,,No,Entry,Data Science,Research,3/13/2023 18:51:27
Mobinity Global,Intern,Linkedin,LinkedIn,Remote,y,11/21/2021,y,477,Interview,,11/24/2021,3,3,,,,,No,Intern,IT,Software,3/13/2023 18:51:27
O'Reilly Auto Parts,Network Operations Center Analyst,Linkedin,LinkedIn,MO,y,11/21/2021,y,477,Ghosted,,,,,,Yes,"55,000",Salary,No,Entry,IT,Retail,3/13/2023 18:51:27
Salinas Valley Memorial Healthcare System,Lab Aide,pm.healthcaresource.com,Company Site,CA,n,11/22/2021,n,476,Position Removed,,11/22/2021,0,0,,,,,No,Entry,Other,Healthcare,3/13/2023 18:51:27
Organic Girl,Help Desk Level 2,"organicgirl- Help Desk Level 2 Associate (Salinas, CA - Work St.) (theapplicantmanager.com)",Company Site,CA,n,11/22/2021,n,476,Ghosted,,,,,,,,,No,Entry,IT,Agriculture,3/13/2023 18:51:27
Central Coast Community Energy,Information Technology Support Specialist,Job Opportunities | Central Coast Community Energy Careers (governmentjobs.com),Company Site,CA,n,11/22/2021,n,476,Ghosted,,,,,,Yes,"55,000",Salary,No,Mid,IT,Utilities,3/13/2023 18:51:27
Home Depot,"Sr. Analyst, Customer Insights, Market Research",Linkedin,LinkedIn,Remote,y,11/27/2021,y,471,Rejected,,11/30/2021,3,3,,,,,No,Senior,Data Science,Retail,3/13/2023 18:51:27
CPR Cell Phone Repair,Smartphone and Consumer Electronics Repair Technician,Linkedin,LinkedIn,CA,n,11/27/2021,y,471,Ghosted,,,,,,,,,No,Entry,IT,Retail,3/13/2023 18:51:27
MOONVU,Image Classification,Linkedin,LinkedIn,Remote,y,11/27/2021,y,471,Ghosted,,,,,11,Yes,,Wage,No,Intern,Data Science,Finance,3/13/2023 18:51:27
Everest.Inc,Software Engineer,linkedin,LinkedIn,CA,n,12/1/2021,y,467,Interview,,12/2/2021,1,1,,,,,No,Intern,IT,Consulting,3/13/2023 18:51:27
The Salty Seal Brewpub & Sports Bar,Cook,linkedin,LinkedIn,CA,n,12/1/2021,y,467,Rejected,,12/4/2021,3,3,,,,,No,Entry,Restaurant,Restaurant,3/13/2023 18:51:27
Harnham,Data Analyst (Contract to Hire),linkedin,LinkedIn,CA,y,12/1/2021,y,467,Ghosted,,,,,33,Yes,,Contract,No,Mid,Data Science,Staffing,3/13/2023 18:51:27
Landry's HR / Bubba Gump,Line Cook,sjobs,Company Site,CA,n,12/1/2021,n,467,Interview,12/06/2021,12/2/2021,1,11,,,,,No,Entry,Restaurant,Restaurant,3/13/2023 18:51:27
Landry's HR / Bubba Gump,Prep cook,sjobs,Company Site,CA,n,12/1/2021,n,467,Interview,12/06/2021,12/2/2021,1,11,,,,,No,Entry,Restaurant,Restaurant,3/13/2023 18:51:27
CSUMB,Student Assistant to Facilities Coordinator,otterjobs / symplicity.com,OtterJobs,CA,n,12/1/2021,y,467,Ghosted,,,,,,,,,No,Entry,Other,Education,3/13/2023 18:51:27
Stalco Construction,Bookkeeping Clerk (Part Time),otterjobs / symplicity.com,OtterJobs,CA,n,12/1/2021,y,467,Ghosted,,,,,,Yes,"50,000",Salary,No,Entry,Data Science,Construction,3/13/2023 18:51:27
Monterey Sports Center,Front Desk Attendant,otterjobs / symplicity.com,OtterJobs,CA,n,12/1/2021,y,467,Ghosted,,,,,14,Yes,,Wage,No,Entry,Retail,Recreation,3/13/2023 18:51:27
IMC,Graduate Quant Trader,ripplematch.com,RippleMatch,IL,n,12/1/2021,y,467,Rejected,,12/7/2021,6,6,,,,,No,Entry,Data Science,Finance,3/13/2023 18:51:27
CSUMB,TA Operating Systems,Private Email,Email,CA,n,12/5/2021,n,463,Interview,12/6/2021,12/5/2021,0,,15,Yes,,Wage,Yes,Entry,IT,Education,3/13/2023 18:51:27
Shooting Starts Foundation,Teach Coding - College Intern,Linkedin,LinkedIn,Remote,y,12/11/2021,y,457,Rejected,,12/14/2021,3,3,15,Yes,,Wage,No,Intern,Software Engineer,Education,3/13/2023 18:51:27
IT Minds LLC,Python Developer,Dice,Dice,Remote,y,12/12/2021,y,456,Ghosted,,,,,,,,,No,Entry,Software Engineer,Consulting,3/13/2023 18:51:27
OneAPPS,Data Architect,DICe,Dice,Remote,y,12/12/2021,y,456,Ghosted,,,,,,,,,No,Mid,Data Science,Consulting,3/13/2023 18:51:27
Essintial Enterprise Solutions,POS Field Technician,,Linkedin,CA,n,12/13/2021,y,455,Ghosted,,,,,30,Yes,,Wage,No,Entry,IT,Consulting,3/13/2023 18:51:27
Servsys Corporation,Junior Network Engineer,,Linkedin,Remote,y,12/13/2021,y,455,Ghosted,,,,,,,,,No,Entry,IT,IT,3/13/2023 18:51:27
CodePath,TA,,Email,Remote,y,12/20/2021,n,448,Rejected,,1/10/2022,21,21,25,Yes,,Wage,No,Entry,IT,Education,3/13/2023 18:51:27
Confidential,Data Analyst (w2 only),,Linkedin,Remote,y,7/5/2022,y,251,Ghosted,,,,,55,Yes,,Wage,No,Mid,Data Science,Consulting,3/13/2023 18:51:27
Bloom Energy,"Staff Engineer, Machine Integration and Metrology",,ZipRecruiter,CA,n,6/17/2022,y,269,Ghosted,,,,,,Yes,,,No,Mid,Electrical Engineering,Energy,3/13/2023 18:51:27
A3 Staffing Solutions,IT Field Service Technician,,ZipRecruiter,NJ,n,6/17/2022,y,269,Ghosted,,,,,,,,,No,Mid,IT,Staffing,3/13/2023 18:51:27
Managed Service Provider adn Low Voltage Cabling,Tier II - Mid Level Information Technology Support Specialist,,ZipRecruiter,CA,n,6/17/2022,y,269,Ghosted,,,,,30,Yes,,Wage,No,Mid,IT,IT,3/13/2023 18:51:27
COMP-CONNECTION INC,Desktop Support Technician,,ZipRecruiter,CA,n,6/29/2022,y,257,Ghosted,,,,,,,,,No,Entry,IT,IT,3/13/2023 18:51:27
CyberCoders,Software Engineer,,ZipRecruiter,VA,y,6/29/2022,y,257,Ghosted,,,,,,,,,No,Entry,,,3/13/2023 18:51:27
IT Support Company,Help Desk IT Support,,ZipRecruiter,CA,n,7/5/2022,y,251,Ghosted,,,,,,Yes,"60,000",Salary,No,Entry,IT,IT,3/13/2023 18:51:27
National Agricultural Statistics Service,Survey Statistician,,USAJOBS,Remote,y,7/5/2022,n,251,Rejected,,7/28/2022,23,23,,Yes,"36,118",Salary,No,Entry,Data Science,Government,3/13/2023 18:51:27
Internal Revenue Service,Information Technology Specialist (INFOSEC) - Direct Hire (3 Month Roster),,USAJOBS,CA,n,7/5/2022,n,251,Rejected,,10/3/2022,90,90,,Yes,"44,740",Salary,No,Entry,Cyber Security,Government,3/13/2023 18:51:27
Mindvolt,Junior WordPress Developer,,Linkedin,Remote,y,7/5/2022,y,251,Ghosted,,,,,,Yes,,,No,Entry,Developer,Software,3/13/2023 18:51:27
Airtonomy,Junior Backend Developer,,Linkedin,Remote,y,7/5/2022,y,251,Interview,,7/8/2022,3,3,,Yes,,,No,Entry,Developer,Data Science,3/13/2023 18:51:27
Cognizant,Junior Informatica Developer,,Linkedin,Remote,y,7/5/2022,y,251,Ghosted,,,,,,Yes,,,No,Entry,Developer,Data Science,3/13/2023 18:51:27
Sensato Cybersecurity Solutions,Cybersecurity Field Engineer,,Linkedin,Remote,y,7/5/2022,y,251,Rejected,,7/7/2022,2,2,,Yes,,,No,Mid,Cyber Security,Cyber Security,3/13/2023 18:51:27
F5,Data Scientist: Threat Analytics,,Company,CA,n,7/6/2022,n,250,Rejected,,12/12/2022,159,159,,Yes,,,No,Mid,Cyber Security,Cyber Security,3/13/2023 18:51:27
NIIT Limited,Biostatistician,,Linkedin,Remote,y,7/6/2022,y,250,Ghosted,,,,,,Yes,,,No,Entry,Data Science,Education,3/13/2023 18:51:27
RSI Security,Developing Penetration Testing Associate (Remote Internship),,Linkedin,Remote,y,7/6/2022,y,250,Ghosted,,,,,,Yes,,,No,Intern,Cyber Security,Cyber Security,3/13/2023 18:51:27
Center for Internet Security,Cyber Incident Response Team Intern,,Company,Remote,y,7/6/2022,y,250,Ghosted,,,,,,,,,No,Intern,Cyber Security,Cyber Security,3/13/2023 18:51:27
Center for Internet Security,Infrastructure and Engineering Intern,,Company,Remote,y,7/6/2022,y,250,Rejected,,8/22/2022,47,47,,,,,No,Intern,Cyber Security,Cyber Security,3/13/2023 18:51:27
Center for Internet Security,Vendor Risk Assessor Intern,,Company,Remote,y,7/6/2022,y,250,Rejected,,7/18/2022,12,12,,,,,No,Intern,Cyber Security,Cyber Security,3/13/2023 18:51:27
Mastech Digital,Data Analyst,,Linkedin,Remote,y,7/7/2022,y,249,Ghosted,,,,,,Yes,,,No,Mid,Data Science,Data Science,3/13/2023 18:51:27
"Flexon Technologies, INC",Data Analyst-Entry level,,Linkedin,CA,n,7/7/2022,y,249,Ghosted,,,,,,Yes,,,No,Entry,Data Science,IT,3/13/2023 18:51:27
USGS,Computer Scientist (System Administration),,USAJOBS,Negotiable,n,7/7/2022,n,249,Rejected,,8/29/2022,53,53,,yes,"61,226",Salary,No,Mid,IT,Government,3/13/2023 18:51:27
National Agricultural Statistics Service,Statistical Assistant,,USAJOBS,TX,n,7/7/2022,n,249,Rejected,,8/4/2022,28,28,,yes,"41,163",Salary,No,Entry,Data Science,Government,3/13/2023 18:51:27
ASRC Federal,AFHC-17255 - IT Technicians,,Linkedin,Negotiable,n,7/7/2022,n,249,Ghosted,,,,,,Yes,,,No,Entry,IT,IT,3/13/2023 18:51:27
Salinas Union High School District,Information Technolgy Systems Technician,,Company,CA,n,7/7/2022,n,249,Ghosted,,,,,,Yes,"78,036",Salary,No,Entry,IT,Education,3/13/2023 18:51:27
Akorbi,Jr. Software Data Operations Analyst,,ZipRecruiter,CA,n,7/7/2022,y,249,Ghosted,,,,,25,Yes,,Wage,No,Entry,Developer,Communications,3/13/2023 18:51:27
Akorbi,Software Operations Associate - Entry Level (MTV),,ZipRecruiter,CA,n,7/7/2022,y,249,Ghosted,,,,,,,,,No,Entry,Developer,Communications,3/13/2023 18:51:27
Akorbi,Data Analyst(MV) - 0355,,ZipRecruiter,CA,n,7/7/2022,y,249,Ghosted,,,,,32,Yes,,Wage,No,Mid,Data Science,Communications,3/13/2023 18:51:27
Slingshot Connections,IT Engineer (New Grads Welcome),,ZipRecruiter,CA,n,7/7/2022,y,249,Ghosted,,,,,,,,,No,Entry,IT,IT,3/13/2023 18:51:27
Acumen LLC,Data and Policy Analyst - Data Processing Programmer,,ZipRecruiter,CA,n,7/7/2022,n,249,Ghosted,,9/23/2022,78,78,,Yes,,,No,Mid,Developer,Government,3/13/2023 18:51:27
Acumen LLC,IT Operations Analyst,,Company,CA,n,7/7/2022,n,249,Rejected,,7/12/2022,5,5,,Yes,,,No,Entry,IT,Government,3/13/2023 18:51:27
Indeed,Operations Analyst I,,Indeed,Remote,y,7/7/2022,y,249,Rejected,,7/21/2022,14,14,,Yes,"54,000",Salary,No,Entry,IT,Staffing,3/13/2023 18:51:27
California State University Monterey Bay,Applications Analyst,,Company,CA,n,6/17/2022,n,269,Rejected,,7/8/2022,21,21,,Yes,,,No,Mid,IT,Education,3/13/2023 18:51:27
"Superior Court of California, County of Monterey",Information Technology User Support Technician I,,Government Jobs,CA,n,7/9/2022,n,247,Interview,,9/21/2022,74,,,Yes,"62,000",Salary,No,Entry,IT,Government,3/13/2023 18:51:27
Nozomi Networks,Cybersecurity Data Analyst ,,Linkedin,Remote,y,7/9/2022,y,247,Ghosted,,,,,,,,,No,Entry,Cyber Security,IT,3/13/2023 18:51:27
Optiv,Associate SIEM Engineer,,Company,Remote,y,7/9/2022,y,247,Rejected,,7/15/2022,6,6,,,,,No,Entry,Cyber Security,IT,3/13/2023 18:51:27
Natividad Medical Center,Hospital Software Analyst I/II,,Government Jobs,CA,n,7/11/2022,n,245,Rejected,,7/14/2022,3,3,,Yes,"73,382",Salary,No,Entry,IT,Healthcare,3/13/2023 18:51:27
A3 Staffing Solutions,IT Field Service Technician,,Indeed,CA,n,7/13/2022,y,243,Interview,11/15/2022,11/15/2022,125,,19,Yes,,Wage,No,Entry,IT,Agriculture,3/13/2023 18:51:27
Cloudforce,Network Technician,,Linkedin,DC,n,7/14/2022,y,242,Rejected,,7/17/2022,3,3,,,,,No,Entry,IT,IT,3/13/2023 18:51:27
Miles Technologies,Developer,,Indeed,MO,n,7/14/2022,y,242,Inter + Rejec,7/21/2022,7/15/2022,1,1,,,,,No,Entry,IT,IT,3/13/2023 18:51:27
City of Salinas,Network Systems Specialist,,Government Jobs,CA,n,7/14/2022,n,242,Rejected,,10/5/2022,83,83,,Yes,"62,172",Salary,No,Mid,IT,Government,3/13/2023 18:51:27
Brooksource,Junior Data Analyst,,Linkedin,KY,y,7/17/2022,y,239,Rejected,,7/20/2022,3,3,20,Yes,,Wage,No,Entry,Data Science,IT,3/13/2023 18:51:27
Emendata,Data Analyst,,Company,CA,n,7/17/2022,n,239,Rejected,,7/20/2022,3,3,,,,,No,Mid,Cyber Security,Healthcare,3/13/2023 18:51:27
VALiNTRY,Epic Security Analyst - Junior (Remote),,Company,Remote,y,7/17/2022,n,239,Ghosted,,,,,,Yes,"76,800",Salary,No,Mid,Cyber Security,IT,3/13/2023 18:51:27
VALiNTRY,Desktop Support Specialist,,Company,CA,n,7/17/2022,n,239,Ghosted,,,,,30,Yes,"60,000",Salary,No,Mid,IT,IT,3/13/2023 18:51:27
Disys,Application Support Analyst,,Linkedin,Remote,y,7/17/2022,y,239,Ghosted,,,,,,,,,No,Mid,IT,IT,3/13/2023 18:51:27
CyberCoders,Air Quality Data Analyst,,Linkedin,CA,n,7/17/2022,y,239,Ghosted,,,,,,Yes,"80,000",Salary,No,Mid,Data Science,Staffing,3/13/2023 18:51:27
Amazon,Network Deploy Technician,,Company,CA,n,7/17/2022,n,239,Ghosted,,,,,,Yes,,,No,Entry,IT,IT,3/13/2023 18:51:27
Akorbi,Software Operations Associate,,ZipRecruiter,CA,n,7/17/2022,y,239,Ghosted,,,,,,,,,No,Entry,Developer,Communications,3/13/2023 18:51:27
A3 Staffing Solutions,Desktop Support Technician,,ZipRecruiter,CA,n,7/19/2022,y,237,Ghosted,,,,,,Yes,,,No,Entry,IT,IT,3/13/2023 18:51:27
Akorbi Workforce Solutions,Data Analyst,,ZipRecruiter,CA,n,7/19/2022,y,237,Ghosted,,,,,,Yes,,,No,Mid,Data Science,Communications,3/13/2023 18:51:27
"Flexon Technologies, INC",IT Analyst,,ZipRecruiter,CA,n,7/19/2022,y,237,Ghosted,,,,,,Yes,,,No,Entry,Data Science,IT,3/13/2023 18:51:27
ELYON International,Data Analyst,,ZipRecruiter,CA,n,7/19/2022,y,237,Ghosted,,,,,,,,,No,Entry,IT,IT,3/13/2023 18:51:27
Ledgent Technology,IT Support Tech,,ZipRecruiter,CA,n,7/19/2022,y,237,Ghosted,,,,,,,,,No,Entry,IT ,IT,3/13/2023 18:51:27
Della Infotech,Data Informatics Analyst 1,,ZipRecruiter,CA,n,7/19/2022,y,237,Ghosted,,,,,,,,,No,Entry,Data Science,IT,3/13/2023 18:51:27
MBS Business Systems,IT Technician,,Indeed,CA,n,7/19/2022,y,237,Ghosted,,,,,,,,,No,Entry,IT,IT,3/13/2023 18:51:27
WIRB-Copernicus Group,"Junior Analyst, Information Security",,Linkedin,Remote,y,7/19/2022,y,237,Ghosted,,,,,,,,,No,Entry,Cyber Security,Healthcare,3/13/2023 18:51:27
SLAC National Accelerator Laboratory,Computing Support Analyst 1,,Linkedin,CA,n,7/20/2022,n,236,Ghosted,,,,,,,,,No,Entry,IT,Science,3/13/2023 18:51:27
VMware,Member of Technical Staff,,Company,CA,n,7/20/2022,n,236,Rejected,,9/20/2022,62,62,,,,,No,Mid,Developer,IT,3/13/2023 18:51:27
VMware,Datacenter Operations Engineer,,Company,CA,n,7/20/2022,n,236,Rejected,,8/29/2022,40,40,,,,,No,Entry,IT,IT,3/13/2023 18:51:27
Cisco,"Site Reliability Engineer, Firmware Tools Engineer (Meraki)",,Company,CA,n,7/20/2022,n,236,Ghosted,,,,,,,,,No,Entry,IT,Communications,3/13/2023 18:51:27
Juniper,Software Engineer 1 - DevOps/Automation Tools/Python,,Company,MA,n,7/20/2022,n,236,Ghosted,,,,,,,,,No,Entry,Developer,Communications,3/13/2023 18:51:27
Juniper,Site Reliability Engineer,,Company,CA,n,7/20/2022,n,236,Ghosted,,,,,,,,,No,Entry,IT,Communications,3/13/2023 18:51:27
Juniper,Jr QA Engineer,,Company,CA,n,7/20/2022,n,236,Ghosted,,,,,,,,,No,Entry,IT,Communications,3/13/2023 18:51:27
Pebble Beach,Security Engineer - IT,,Company,CA,n,7/21/2022,n,235,Ghosted,,,,,,,,,No,Mid,IT,Entertainment,3/13/2023 18:51:27
Pebble Beach,System/Network Engineer,,Company,CA,n,7/21/2022,n,235,Rejected,,11/22/2022,124,124,,,,,No,Mid,IT,Entertainment,3/13/2023 18:51:27
Miles Technologies,IT Technician,,Indeed,Remote,y,7/21/2022,y,235,Interview,7/31/2022,7/27/2022,6,6,,,,,No,Entry,IT,IT,3/13/2023 18:51:27
L3HARRIS,IT Security (New Grad),,Linkedin,Remote,y,7/22/2022,y,234,Ghosted,,,,,,,,,No,Entry,IT,Cyber Security,3/13/2023 18:51:27
L3HARRIS,Systems Administration (New Grad),,Linkedin,Remote,y,7/24/2022,n,232,Ghosted,,,,,,,,,No,Entry,IT,IT,3/13/2023 18:51:27
WaveStrong Inc.,Junior Security Engineer,,Linkedin,CA,n,7/27/2022,y,229,Ghosted,,,,,,,,,No,Entry,Cyber Security,IT,3/13/2023 18:51:27
Lakewood Pathology Associates,Jr. NOC Engineer,,Linkedin,CA,y,7/27/2022,y,229,Ghosted,,,,,,,,,No,Entry,IT,Healthcare,3/13/2023 18:51:27
"D'Arrigo Bros. Co., of California",IT Developer Internship,,Otter Jobs,CA,n,8/3/2022,y,222,Offer,8/9/2022,8/5/2022,2,,,Yes,,,Yes,Internship,Developer,Agriculture,3/13/2023 18:51:27
Cyberdata Corp,Software Engineer,,Otter Jobs,NA,n,8/3/2022,y,222,Ghosted,,,,,,,,,No,Entry,IT,IT,3/13/2023 18:51:27
Primerica,Broker,,Recruiter,NA,n,8/2/2022,y,223,Interview,8/5/2022,8/4/2022,3,,,,,,No,Entry,Finance,Finance,3/13/2023 18:51:27
Relia Quest,Security Engineer,,Recruiter,UT,n,8/15/2022,y,210,Inter + Rejec,8/16/2022,8/15/2022,1,0,,Yes,,,No,Entry,Cyber Security,Cyber Security,3/13/2023 18:51:27
University of Arizona,Solution Developer,,Linkedin,AZ,n,1/3/2023,y,69,Ghosted,,,,,,,,,No,Mid,Developer,Education,3/13/2023 18:51:27
"SkyTerra Technologies, LLC",System Analyst,,Linkedin,MA,n,1/3/2023,y,#REF!,Rejected,,1/14/2023,11,11,,Yes,"75,000",Salary,No,Associate,IT,IT,3/13/2023 18:51:27
CoVar,IT Systems Administrator,,Linkedin,NC,n,1/3/2023,y,69,Rejected,,1/5/2023,2,2,,,,,No,Mid,IT,Data Science,3/13/2023 18:51:27
"SBE Vision, Inc",Technical Solutions Engineer,,Linkedin,MA,n,1/7/2023,y,65,Rejected,,1/16/2023,9,9,,Yes,"120,000",Salary,No,Mid,Developer,IT,3/13/2023 18:51:27
ST PAUL PUBLIC SCHOOLS,Systems Analyst 1,,Linkedin,MN,n,1/7/2023,y,65,Ghosted,,,,,,Yes,"57,091",Salary,No,Mid,IT,Education,3/13/2023 18:51:27
"Hyundai Motor Manufacturing Alabama, LLC",Cyber Security Specialist,,Linkedin,AL,n,1/14/2023,y,58,Ghosted,,,,,,,,,No,Mid,IT,Automotive,3/13/2023 18:51:27
Conquest Cyber,Security Analyst,,Linkedin,OK,n,1/14/2023,y,58,Ghosted,,,,,,,,,No,Entry,Cyber Security,IT,3/13/2023 18:51:27
Greater Nevada Credit Union,Systems Analyst,,Linkedin,NV,y,1/14/2023,y,58,Ghosted,,,,,,Yes,"77,000",Salary,No,Mid,Cyber Security,Finance,3/13/2023 18:51:27
Delta Staffing,Cyber Security Analyst,,Linkedin,MI,n,1/14/2023,y,58,Ghosted,,,,,,Yes,"87,500",Salary,No,Associate,Cyber Security,Staffing,3/13/2023 18:51:27
Meeting Protocol Worldwide,Offensive Security Specialist,,Linkedin,USA,y,1/14/2023,y,58,Ghosted,,,,,,Yes,"150,000",Contract,No,Senior,Cyber Security,Healthcare,3/13/2023 18:51:27
nTech Workforce,System Administrator I,,Linkedin,IL,n,1/14/2023,y,58,Rejected,,1/15/2023,1,1,,,,,No,Entry,Cyber Security,Staffing,3/13/2023 18:51:27
Spotlight Inc.,Cyber Security Analyst,,Linkedin,TX,n,1/14/2023,y,58,Ghosted,,,,,,,,,No,Mid,Cyber Security,Consulting,3/13/2023 18:51:27
Broadsword Online Games,Network Engineer,,Linkedin,USA,y,1/14/2023,y,58,Rejected,,1/15/2023,1,1,,,,,No,Mid,IT,IT,3/13/2023 18:51:27
Unisys,Datacenter Analyst,,Linkedin,CT,n,1/14/2023,y,58,Ghosted,,,,,,,,,No,Entry,IT,IT,3/13/2023 18:51:27
Brooksource,System Analyst,,Linkedin,TN,y,1/14/2023,y,58,Ghosted,,,,,,,,,No,Senior,Developer,IT,3/13/2023 18:51:27
Robert Half,Information Technology Security Analyst,,Linkedin,PA,n,1/14/2023,y,58,Ghosted,,,,,,,,,No,Associate,Cyber Security,Consulting,3/13/2023 18:51:27
"Phil, Inc",Analytics Engineer,,Linkedin,USA,y,1/14/2023,y,58,Ghosted,,,,,,,,,No,Entry,Data Science,Healthcare,3/13/2023 18:51:27
Commercial Energy,Network Administrator,,Linkedin,CA,n,1/14/2023,y,58,Ghosted,,,,,,Yes,"65,000",Salary,No,Associate,IT,Oil and Gas,3/13/2023 18:51:27
MESSA,Systems Solution Engineer,,Linkedin,MI,n,1/14/2023,y,58,Rejected,,1/17/2023,3,3,38,Yes,,Wage,No,Associate,IT,Insurance,3/13/2023 18:51:27
WiseTech Global,Security Analyst,,Linkedin,USA,y,1/14/2023,y,58,Rejected,,1/17/2023,3,3,,,,,No,Senior,Cyber Security,Software,3/13/2023 18:51:27
TEKtalent,DevOps Engineer,,Linkedin,TX,y,1/20/2023,y,52,Ghosted,,,,,,Yes,"90,000",Salary,No,Entry,Developer,Staffing,3/13/2023 18:51:27
Cybernetic Search,IT Engineer,,Linkedin,USA,y,1/21/2023,y,51,Rejected,,1/23/2023,2,2,,Yes,"62,500",Salary,No,Entry,Developer,Staffing,3/13/2023 18:51:27
Robert Half,Data Engineer,,Linkedin,MN,n,2/6/2023,y,35,Ghosted,,,,,,Yes,"102,500",Salary,No,Mid,Developer,IT,3/13/2023 18:51:27
Elsevier,Security Incident Response Engineer,,Linkedin,PA,y,1/20/2023,y,52,Ghosted,,,,,,,,,No,Mid,Cyber Security,Publishing,3/13/2023 18:51:27
Community Health Center Network,SQL Developer,,Linkedin,CA,n,2/7/2023,y,34,Ghosted,,,,,,Yes,"100,452",Salary,No,Associate,Health,Healthcare,3/13/2023 18:51:27
BayOne Solutions,System Engineer,,Linkedin,CA,n,2/7/2023,y,34,Ghosted,,,,,,,,,No,Mid,IT,IT,3/13/2023 18:51:27
AMAX,System Solutions Engineer,,Linkedin,CA,n,1/22/2023,y,50,Ghosted,,,,,,Yes,"90,000",Salary,No,Associate,IT,Consulting,3/13/2023 18:51:27
Bartlett Regional Hospital,Systems Administrator,,Linkedin,AK,n,2/1/2023,y,40,Rejected,,2/25/2023,24,24,,Yes,"97,261",Salary,No,Associate,IT,Healthcare,3/13/2023 18:51:27
"Network ESC A Division of Network Temps, INC",Data Center Network Operations Center Engineer,,Linkedin,NY,n,2/7/2023,y,34,Ghosted,,,,,,Yes,"112,500",Salary,No,Entry,IT,IT,3/13/2023 18:51:27
TCI Technology Consulting Inc.,Network Administrator 5595,,Linkedin,UT,n,1/7/2023,y,65,Rejected,,2/25/2023,49,49,50,Yes,,Wage,No,Associate,IT,Consulting,3/13/2023 18:51:27
LanceSoft Inc,Cyber Security Engineer,,Linkedin,NC,n,2/2/2023,y,39,Ghosted,,,,,,,,,No,Senior,IT,Staffing,3/13/2023 18:51:27
Fisher College,Network Administrator,,Linkedin,MA,n,2/2/2023,y,39,Rejected,,2/6/2023,4,4,,,,,No,Mid,IT,Education,3/13/2023 18:51:27
Bank of America,Production Specialist,,Linkedin,GA,n,2/2/2023,y,39,Rejected,,2/5/2023,3,3,,,,,No,Mid,Developer,Finance,3/13/2023 18:51:27
WaveStrong,Remote Security (Soc) Analyst,,Linkedin,CA,y,2/2/2023,y,39,Ghosted,,,,,,,,,No,Entry,Cyber Security,Consulting,3/13/2023 18:51:27
DirectDefense,Security Analyst,,Linkedin,CO,y,2/2/2023,y,39,Ghosted,,,,,,Yes,"89,339",Salary,No,Mid,Cyber Security,IT,3/13/2023 18:51:27
Motion Recruitment,Vulnerability Analyst,,Linkedin,USA,y,2/2/2023,y,39,Ghosted,,,,,43,Yes,,Wage,No,Entry,Cyber Security,Finance,3/13/2023 18:51:27
Persistent Systems,System Engineer,,Linkedin,CA,n,2/3/2023,y,38,Ghosted,,,,,,,,,No,Mid,IT,Consulting,3/13/2023 18:51:27
Entelligence,Fortinet Security Engineer,,Linkedin,NY,n,2/3/2023,y,38,Rejected,,2/6/2023,3,3,,Yes,"155,000",Salary,No,Mid,Cyber Security,Consulting,3/13/2023 18:51:27
Cluster,Staff Flight Software Engineer,,Linkedin,CO,n,2/3/2023,y,38,Ghosted,,,,,,Yes,"132,500",Salary,No,Mid,Developer,Staffing,3/13/2023 18:51:27
Apex Systems,Network Engineer,,Linkedin,DC,n,2/3/2023,y,38,Ghosted,,,,,,Yes,"115,500",Salary,No,Mid,IT,Consulting,3/13/2023 18:51:27
Advantage Tech,Cloud Engineer,,Linkedin,KS,n,2/3/2023,y,38,Ghosted,,,,,,Yes,"110,000",Salary,No,Mid,IT,Staffing,3/13/2023 18:51:27
The Phoenix Group,Technical Analyst,,Linkedin,NJ,n,2/3/2023,y,38,Ghosted,,,,,,Yes,"95,000",Salary,No,Mid,Data Science,Staffing,3/13/2023 18:51:27
Braintrust,AWS Cloud Engineer,,Linkedin,CA,y,2/3/2023,y,38,Ghosted,,,,,,,,,No,Mid,IT,IT,3/13/2023 18:51:27
Delphi-US LLC,Data Engineer,,Linkedin,PA,n,2/3/2023,y,38,Ghosted,,,,,,,,,No,Mid,IT,Staffing,3/13/2023 18:51:27
ISSE Services,Cyber Security Analyst,,Linkedin,UT,n,2/3/2023,y,38,Rejected,,2/3/2023,0,0,,,,,No,Mid,Cyber Security,Space,3/13/2023 18:51:27
TEKtalent Inc,Software Testing Engineer,,Linkedin,TX,n,2/3/2023,y,38,Ghosted,,,,,,Yes,"90,000",Salary,No,Entry,Developer,Staffing,3/13/2023 18:51:27
"Quantix, Inc",Network Engineer,,Linkedin,CO,n,2/3/2023,y,38,Ghosted,,,,,54,Yes,,Wage,No,Mid,IT,Consulting,3/13/2023 18:51:27
Orbis,Data Engineer,,Linkedin,FL,n,2/3/2023,y,38,Ghosted,,,,,,Yes,"90,000",Salary,No,Mid,Data Science,Staffing,3/13/2023 18:51:27
Curate Partners,Information Security Engineer,,Linkedin,USA,y,2/3/2023,y,38,Ghosted,,,,,,,,,No,Mid,IT,Consulting,3/13/2023 18:51:27
Avaneer Health,Software Engineer,,Linkedin,USA,n,2/3/2023,y,38,Ghosted,,,,,,,,,No,Mid,Developer,Healthcare,3/13/2023 18:51:27
Optomi,Python Developer,,Linkedin,USA,n,2/4/2023,y,37,Ghosted,,,,,40,Yes,,Wage,No,Mid,Developer,Consulting,3/13/2023 18:51:27
Cohesity,Software Engineering New College Graduate,,Linkedin,CA,n,2/4/2023,y,37,Ghosted,,,,,,,,,No,Entry,Developer,Software,3/13/2023 18:51:27
Palo Alto,Consulting Engineer,,Linkedin,CA,y,2/2/2023,y,39,Ghosted,,,,,,,,,No,Mid,IT,IT,3/13/2023 18:51:27
Threat Locker,Network/Systems Engineer,,Linkedin,FL,n,2/2/2023,y,39,Ghosted,,,,,,,,,No,Mid,IT,IT,3/13/2023 18:51:27
Supermicro,System Product Engineer,,Linkedin,CA,n,2/7/2023,y,34,Ghosted,,,,,,Yes,"107,000",Salary,No,Mid,IT,Hardware,3/13/2023 18:51:27
GenSpark,Test Engineer,,Linkedin,CA,n,2/7/2023,y,34,Ghosted,,,,,53,Yes,,Wage,No,Entry,Developer,Consulting,3/13/2023 18:51:27
Supermicro,Software Engineer,,Linkedin,CA,n,2/16/2023,y,25,Ghosted,,,,,,Yes,"115,500",Salary,No,Mid,Developer,Hardware,3/13/2023 18:51:27
Apex Systems,Cyber Security Engineer,,Linkedin,VA,y,2/16/2023,y,25,Rejected,,2/19/2023,3,3,52,Yes,,Wage,No,Mid,Cyber Security,Consulting,3/13/2023 18:51:27
Asyril,Application Engineer,,Linkedin,MN,n,2/16/2023,y,25,Ghosted,,,,,,,,,No,Associate,Developer,Manufacturing,3/13/2023 18:51:27
Braintrust,Backend Python Developer,,Linkedin,CA,y,2/16/2023,y,25,Ghosted,,,,,,,,,No,Entry,Developer,Staffing,3/13/2023 18:51:27
Amax,Computer Systems Engineer,,Linkedin,CA,n,2/25/2023,y,16,Ghosted,,,,,,Yes,"90,000",Salary,No,Associate,IT,IT,3/13/2023 18:51:27
Palo Alto Networks,Consulting Engineer,,Linkedin,CA,n,2/16/2023,y,25,Rejected,,2/28/2023,12,12,,,,,No,Mid,IT,IT,3/13/2023 18:51:27
Amax,Computer Systems Engineer,,Linkedin,CA,n,2/25/2023,y,16,Ghosted,,,,,,Yes,"90,000",Salary,No,Associate,IT,IT,3/13/2023 18:51:27
Eliassen Group LLC,Security Analyst,,Linkedin,CA,n,2/17/2023,y,24,Rejected,,3/1/2023,12,12,,,,,No,Associate,IT,Consulting,3/13/2023 18:51:27
Eliassen Group LLC,Python Developer,,Linkedin,CA,n,2/17/2023,y,24,Rejected,,3/1/2023,12,12,70,Yes,,Wage,No,Mid,Developer,Consulting,3/13/2023 18:51:27
Insight Global,Junior Infrastructure Engineer,,Linkedin,USA,n,2/20/2023,y,21,Rejected,,2/20/2023,0,0,48,Yes,,Wage,No,Mid,Developer,Staffing,3/13/2023 18:51:27
Supermicro,System Product Engineer,,Linkedin,CA,n,2/25/2023,y,16,Ghosted,,,,,,Yes,"107,000",Salary,No,Entry,IT,Hardware,3/13/2023 18:51:27
Braintrust,AWS Cloud Engineer,,Linkedin,CA,y,2/25/2023,y,16,Ghosted,,,,,,,,,No,Mid,IT,IT,3/13/2023 18:51:27
Intelletec,Research Engineer,,Linkedin,CA,y,2/25/2023,y,16,Ghosted,,,,,,Yes,"175,000",Salary,No,Mid,IT,Staffing,3/13/2023 18:51:27
"Enquizit, Inc.",Systems Engineer - Migration,,Linkedin,USA,y,2/25/2023,y,16,Rejected,,2/28/2023,3,3,,,,,No,Mid,IT,Consulting,3/13/2023 18:51:27